Cran id,Area (in^2),Width (in),Length (in)
0,0.24363396704654183,0.5172065302081605,0.592690038046383
1,0.13685573761134956,0.3916069505348062,0.4393336114457567
