Cran id,Area (in^2),Width (in),Length (in)
0,0.28503458014243893,0.5413003301915179,0.66293307120014
1,0.2884598355848932,0.5732841873838381,0.6349854203995955
2,0.23006640897011854,0.48901787309142564,0.5921459271348285
3,0.34385872750147434,0.6177553635037404,0.7013041517107189
4,0.29918683316814826,0.5416682308927732,0.6946628819393023
5,0.3446791479667328,0.5519367601880143,0.7885886785963615
6,0.34113082945448975,0.5693108207186947,0.7543059917466431
7,0.3350392074999453,0.5885829732721611,0.7179146069474007
