Cran id,Area (in^2),Width (in),Length (in)
0,0.3254998738976961,0.6223143098814473,0.6603080565259146
