Cran id,Area (in^2),Width (in),Length (in)
0,0.36993561999248253,0.6133439134049385,0.7589304369535683
1,0.42713794691864504,0.6251845330713954,0.8604110472635892
2,0.3485256062001188,0.584461835160637,0.7533770558274455
3,0.4098546724259545,0.5986948553566636,0.8652610995999889
4,0.1612901325293047,0.43968514921304347,0.46207560318980734
5,0.34166132696897933,0.5519923997001353,0.7787909165194834
6,0.29189530254321794,0.5129743304480916,0.7163999665489637
7,0.37673861101620115,0.5717852871357939,0.8298198049578933
8,0.36441968132460256,0.5474606546034059,0.8380446845655748
